currentTime,totalCpuUsage(%),totalMemory,availableMemory,usedMemory,percentageMemory(%),buffersMemory,cachedMemory,totalSwap,freeSwap,usedSwap,percentageSwap(%),totalPartition,usedPartition,freePartition,percentagePartition(%),total_IO_read,total_IO_write
2023-12-13 08:31:16.166927,0.0,16698875904,15267258368,1133076480,8.6,56766464,1294757888,2147479552,2147479552,0,0.0,108240035840,78534201344,24160284672,76.5,1189304320,245888000
2023-12-13 08:32:16.228202,0.0,16698875904,14631112704,1761210368,12.4,67227648,1969020928,2147479552,2147479552,0,0.0,108240035840,78534836224,24159649792,76.5,1788989440,327345152
2023-12-13 08:33:16.288214,0.0,16698875904,14656499712,1736097792,12.2,67403776,1968848896,2147479552,2147479552,0,0.0,108240035840,78534762496,24159723520,76.5,1788989440,329262080
2023-12-13 08:34:16.348282,0.0,16698875904,14241476608,2151104512,14.7,67420160,1968869376,2147479552,2147479552,0,0.0,108240035840,78534782976,24159703040,76.5,1788989440,329344000
2023-12-13 08:35:16.410422,0.0,16698875904,14660050944,1732546560,12.2,67436544,1968902144,2147479552,2147479552,0,0.0,108240035840,78534815744,24159670272,76.5,1788989440,329487360
2023-12-13 08:36:16.471963,0.0,16698875904,14700490752,1692102656,12.0,67485696,1968922624,2147479552,2147479552,0,0.0,108240035840,78534840320,24159645696,76.5,1788993536,329696256
2023-12-13 08:37:16.533519,0.0,16698875904,14642884608,1749712896,12.3,67559424,1968943104,2147479552,2147479552,0,0.0,108240035840,78534860800,24159625216,76.5,1788993536,330228736
2023-12-13 08:38:16.595057,100.0,16698875904,14669934592,1722675200,12.2,67575808,1968955392,2147479552,2147479552,0,0.0,108240035840,78534893568,24159592448,76.5,1788993536,330396672
2023-12-13 08:39:16.656707,0.0,16698875904,14716641280,1675968512,11.9,67592192,1969364992,2147479552,2147479552,0,0.0,108240035840,78534914048,24159571968,76.5,1789382656,330486784
2023-12-13 08:40:16.718377,0.0,16698875904,14731808768,1660801024,11.8,67608576,1969385472,2147479552,2147479552,0,0.0,108240035840,78534934528,24159551488,76.5,1789382656,330576896
2023-12-13 08:41:16.780061,0.0,16698875904,14672601088,1720008704,12.1,67641344,1969418240,2147479552,2147479552,0,0.0,108240035840,78534967296,24159518720,76.5,1789382656,330757120
2023-12-13 08:42:16.841757,0.0,16698875904,14666489856,1726005248,12.2,68153344,1969647616,2147479552,2147479552,0,0.0,108240035840,78534987776,24159498240,76.5,1789853696,331043840
2023-12-13 08:43:16.903427,100.0,16698875904,14660259840,1732214784,12.2,68177920,1969700864,2147479552,2147479552,0,0.0,108240035840,78535041024,24159444992,76.5,1789853696,331441152
2023-12-13 08:44:16.964195,0.0,16698875904,14205771776,2186711040,14.9,68202496,1969721344,2147479552,2147479552,0,0.0,108240035840,78535061504,24159424512,76.5,1789853696,331609088
2023-12-13 08:45:17.024193,0.0,16698875904,14210220032,2182275072,14.9,68235264,1969758208,2147479552,2147479552,0,0.0,108240035840,78535094272,24159391744,76.5,1789853696,331781120
2023-12-13 08:46:17.080306,0.0,16698875904,14397915136,1994588160,13.8,68259840,1969778688,2147479552,2147479552,0,0.0,108240035840,78535114752,24159371264,76.5,1789853696,331871232
2023-12-13 08:47:17.142027,0.0,16698875904,14373609472,2018893824,13.9,68292608,1969799168,2147479552,2147479552,0,0.0,108240035840,78535135232,24159350784,76.5,1789853696,332051456
2023-12-13 08:48:17.144210,0.0,16698875904,14722183168,1670311936,11.8,68321280,1969831936,2147479552,2147479552,0,0.0,108240035840,78535172096,24159313920,76.5,1789853696,332248064
2023-12-13 08:49:17.204230,0.0,16698875904,14656860160,1735643136,12.2,68337664,1969852416,2147479552,2147479552,0,0.0,108240035840,78535192576,24159293440,76.5,1789853696,332321792
2023-12-13 08:50:17.216288,0.0,16698875904,14705840128,1686663168,11.9,68354048,1969872896,2147479552,2147479552,0,0.0,108240035840,78535213056,24159272960,76.5,1789853696,332411904
2023-12-13 08:51:17.277969,0.0,16698875904,14400659456,1991831552,13.8,68378624,1969901568,2147479552,2147479552,0,0.0,108240035840,78535241728,24159244288,76.5,1789853696,332571648
2023-12-13 08:52:17.339689,0.0,16698875904,14459736064,1932734464,13.4,68411392,1969926144,2147479552,2147479552,0,0.0,108240035840,78535266304,24159219712,76.5,1789853696,332764160
2023-12-13 08:53:17.400204,0.0,16698875904,14218924032,2173558784,14.9,68435968,1969946624,2147479552,2147479552,0,0.0,108240035840,78535286784,24159199232,76.5,1789853696,332903424
2023-12-13 08:54:17.461804,0.0,16698875904,14394769408,1997733888,13.8,68460544,1969987584,2147479552,2147479552,0,0.0,108240035840,78535327744,24159158272,76.5,1789853696,333075456
2023-12-13 08:55:17.464318,0.0,16698875904,14708133888,1684344832,11.9,68493312,1970024448,2147479552,2147479552,0,0.0,108240035840,78535376896,24159109120,76.5,1789853696,333198336
2023-12-13 08:56:17.525950,0.0,16698875904,14717431808,1675071488,11.9,68517888,1970044928,2147479552,2147479552,0,0.0,108240035840,78535397376,24159088640,76.5,1789853696,333435904
2023-12-13 08:57:17.587627,0.0,16698875904,14459318272,1933189120,13.4,68550656,1970065408,2147479552,2147479552,0,0.0,108240035840,78535417856,24159068160,76.5,1789853696,333612032
2023-12-13 08:58:17.649285,0.0,16698875904,14536024064,1856483328,13.0,68575232,1970098176,2147479552,2147479552,0,0.0,108240035840,78535450624,24159035392,76.5,1789853696,333800448
2023-12-13 08:59:17.710945,0.0,16698875904,14474305536,1918201856,13.3,68591616,1970118656,2147479552,2147479552,0,0.0,108240035840,78535471104,24159014912,76.5,1789853696,333874176
2023-12-13 09:00:17.772652,0.0,16698875904,14402514944,1989976064,13.8,68616192,1970135040,2147479552,2147479552,0,0.0,108240035840,78535487488,24158998528,76.5,1789853696,333976576
2023-12-13 09:01:17.832209,0.0,16698875904,14187687936,2204819456,15.0,68640768,1970167808,2147479552,2147479552,0,0.0,108240035840,78535520256,24158965760,76.5,1789853696,334144512
2023-12-13 09:02:17.848319,0.0,16698875904,14470139904,1922347008,13.3,68681728,1970184192,2147479552,2147479552,0,0.0,108240035840,78535540736,24158945280,76.5,1789853696,334328832
2023-12-13 09:03:17.908182,0.0,16698875904,14181068800,2211442688,15.1,68698112,1970204672,2147479552,2147479552,0,0.0,108240035840,78535561216,24158924800,76.5,1789853696,334447616
2023-12-13 09:04:17.954878,100.0,16698875904,14372106240,2020405248,13.9,68722688,1970237440,2147479552,2147479552,0,0.0,108240035840,78535593984,24158892032,76.5,1789853696,334611456
2023-12-13 09:05:17.982817,50.0,16698875904,14455607296,1936887808,13.4,68739072,1970257920,2147479552,2147479552,0,0.0,108240035840,78535614464,24158871552,76.5,1789853696,334685184
2023-12-13 09:06:18.044583,0.0,16698875904,14470492160,1922002944,13.3,68755456,1970286592,2147479552,2147479552,0,0.0,108240035840,78535643136,24158842880,76.5,1789853696,334812160
2023-12-13 09:07:18.104185,0.0,16698875904,14216843264,2175655936,14.9,68804608,1970307072,2147479552,2147479552,0,0.0,108240035840,78535659520,24158826496,76.5,1789853696,335033344
2023-12-13 09:08:18.165780,0.0,16698875904,14407270400,1985232896,13.7,68829184,1970368512,2147479552,2147479552,0,0.0,108240035840,78535720960,24158765056,76.5,1789853696,335344640
2023-12-13 09:09:18.227467,0.0,16698875904,14463500288,1928998912,13.4,68845568,1970388992,2147479552,2147479552,0,0.0,108240035840,78535741440,24158744576,76.5,1789853696,335434752
2023-12-13 09:10:18.289119,0.0,16698875904,14462574592,1929924608,13.4,68878336,1970421760,2147479552,2147479552,0,0.0,108240035840,78535774208,24158711808,76.5,1789853696,335574016
2023-12-13 09:11:18.296297,0.0,16698875904,14460674048,1931833344,13.4,68894720,1970458624,2147479552,2147479552,0,0.0,108240035840,78535806976,24158679040,76.5,1789853696,335721472
2023-12-13 09:12:18.356183,0.0,16698875904,14203469824,2189012992,14.9,68935680,1970479104,2147479552,2147479552,0,0.0,108240035840,78535827456,24158658560,76.5,1789853696,335913984
2023-12-13 09:13:18.360320,0.0,16698875904,14394605568,1997901824,13.8,68952064,1970614272,2147479552,2147479552,0,0.0,108240035840,78535847936,24158638080,76.5,1789853696,336036864
2023-12-13 09:14:18.422005,0.0,16698875904,14387523584,2004983808,13.8,68976640,1970647040,2147479552,2147479552,0,0.0,108240035840,78535880704,24158605312,76.5,1789853696,336167936
2023-12-13 09:15:18.456323,0.0,16698875904,14368018432,2024480768,14.0,68993024,1970671616,2147479552,2147479552,0,0.0,108240035840,78535901184,24158584832,76.5,1789853696,336270336
2023-12-13 09:16:18.518010,0.0,16698875904,14390349824,2002153472,13.8,69009408,1970679808,2147479552,2147479552,0,0.0,108240035840,78535909376,24158576640,76.5,1789853696,336393216
2023-12-13 09:17:18.576292,0.0,16698875904,14201040896,2191462400,15.0,69070848,1970724864,2147479552,2147479552,0,0.0,108240035840,78535950336,24158535680,76.5,1789857792,336729088
2023-12-13 09:18:18.638342,0.0,16698875904,14391889920,2000613376,13.8,69087232,1970745344,2147479552,2147479552,0,0.0,108240035840,78535970816,24158515200,76.5,1789857792,337040384
2023-12-13 09:19:18.696190,0.0,16698875904,14199820288,2192678912,15.0,69124096,1971019776,2147479552,2147479552,0,0.0,108240035840,78535991296,24158494720,76.5,1790124032,337159168
2023-12-13 09:20:18.757795,0.0,16698875904,14391603200,2000896000,13.8,69148672,1971068928,2147479552,2147479552,0,0.0,108240035840,78536040448,24158445568,76.5,1790124032,337503232
2023-12-13 09:21:18.819478,0.0,16698875904,14374236160,2018263040,13.9,69181440,1971105792,2147479552,2147479552,0,0.0,108240035840,78536073216,24158412800,76.5,1790124032,337712128
2023-12-13 09:22:18.881190,0.0,16698875904,14391951360,2000551936,13.8,69222400,1971122176,2147479552,2147479552,0,0.0,108240035840,78536093696,24158392320,76.5,1790124032,337904640
2023-12-13 09:23:18.940298,0.0,16698875904,14197329920,2195156992,15.0,69238784,1971142656,2147479552,2147479552,0,0.0,108240035840,78536114176,24158371840,76.5,1790124032,338035712
2023-12-13 09:24:19.000181,0.0,16698875904,14201794560,2190708736,15.0,69263360,1971171328,2147479552,2147479552,0,0.0,108240035840,78536142848,24158343168,76.5,1790124032,338162688
2023-12-13 09:25:19.060177,0.0,16698875904,14198280192,2194219008,15.0,69279744,1971191808,2147479552,2147479552,0,0.0,108240035840,78536163328,24158322688,76.5,1790124032,338269184
2023-12-13 09:26:19.120301,0.0,16698875904,14193295360,2199203840,15.0,69328896,1971220480,2147479552,2147479552,0,0.0,108240035840,78536183808,24158302208,76.5,1790124032,338596864
2023-12-13 09:27:19.180288,0.0,16698875904,14198317056,2194173952,15.0,69386240,1971318784,2147479552,2147479552,0,0.0,108240035840,78536216576,24158269440,76.5,1790189568,338945024
2023-12-13 09:28:19.242513,0.0,16698875904,14373224448,2019246080,13.9,69410816,1971339264,2147479552,2147479552,0,0.0,108240035840,78536237056,24158248960,76.5,1790189568,339260416
2023-12-13 09:29:19.304227,0.0,16698875904,14374084608,2018406400,13.9,69439488,1971367936,2147479552,2147479552,0,0.0,108240035840,78536269824,24158216192,76.5,1790189568,339391488
2023-12-13 09:30:19.364306,0.0,16698875904,14195924992,2196570112,15.0,69464064,1971392512,2147479552,2147479552,0,0.0,108240035840,78536290304,24158195712,76.5,1790189568,339543040
2023-12-13 09:31:19.426584,0.0,16698875904,14367858688,2024615936,14.0,69496832,1971421184,2147479552,2147479552,0,0.0,108240035840,78536318976,24158167040,76.5,1790189568,339891200
2023-12-13 09:32:19.484267,0.0,16698875904,14199603200,2192879616,15.0,69537792,1971470336,2147479552,2147479552,0,0.0,108240035840,78536368128,24158117888,76.5,1790189568,340100096
2023-12-13 09:33:19.546393,0.0,16698875904,14390898688,2001596416,13.8,69566464,1971490816,2147479552,2147479552,0,0.0,108240035840,78536392704,24158093312,76.5,1790189568,340321280
2023-12-13 09:34:19.608097,0.0,16698875904,14376955904,2015539200,13.9,69582848,1971523584,2147479552,2147479552,0,0.0,108240035840,78536425472,24158060544,76.5,1790189568,340427776
2023-12-13 09:35:19.669792,0.0,16698875904,14388543488,2003931136,13.8,69623808,1971679232,2147479552,2147479552,0,0.0,108240035840,78536450048,24158035968,76.5,1790320640,340943872
2023-12-13 09:36:19.728290,0.0,16698875904,14197370880,2195099648,15.0,69640192,1971814400,2147479552,2147479552,0,0.0,108240035840,78536470528,24158015488,76.5,1790320640,341025792
2023-12-13 09:37:19.788183,0.0,16698875904,14206668800,2185793536,14.9,69672960,1971859456,2147479552,2147479552,0,0.0,108240035840,78536507392,24157978624,76.5,1790320640,341246976
2023-12-13 09:38:19.849703,0.0,16698875904,14398656512,1993838592,13.8,69689344,1971867648,2147479552,2147479552,0,0.0,108240035840,78536527872,24157958144,76.5,1790320640,341378048
2023-12-13 09:39:19.908210,0.0,16698875904,14202527744,2189971456,14.9,69705728,1971888128,2147479552,2147479552,0,0.0,108240035840,78536548352,24157937664,76.5,1790320640,341468160
2023-12-13 09:40:19.968174,0.0,16698875904,14201974784,2190524416,15.0,69730304,1971945472,2147479552,2147479552,0,0.0,108240035840,78536589312,24157896704,76.5,1790337024,341611520
2023-12-13 09:41:20.028275,0.0,16698875904,14197559296,2194935808,15.0,69746688,1971961856,2147479552,2147479552,0,0.0,108240035840,78536605696,24157880320,76.5,1790337024,341722112
2023-12-13 09:42:20.090145,0.0,16698875904,14365990912,2026508288,14.0,69779456,1971982336,2147479552,2147479552,0,0.0,108240035840,78536626176,24157859840,76.5,1790337024,341898240
2023-12-13 09:43:20.151742,100.0,16698875904,14152581120,2239909888,15.2,69795840,1972002816,2147479552,2147479552,0,0.0,108240035840,78536646656,24157839360,76.5,1790337024,342017024
2023-12-13 09:44:20.213371,0.0,16698875904,14388858880,2003623936,13.8,69812224,1972068352,2147479552,2147479552,0,0.0,108240035840,78536708096,24157777920,76.5,1790337024,342144000
2023-12-13 09:45:20.244304,0.0,16698875904,14392860672,1999634432,13.8,69836800,1972088832,2147479552,2147479552,0,0.0,108240035840,78536728576,24157757440,76.5,1790337024,342324224
2023-12-13 09:46:20.304183,0.0,16698875904,14204497920,2187993088,14.9,69853184,1972109312,2147479552,2147479552,0,0.0,108240035840,78536749056,24157736960,76.5,1790337024,342397952
2023-12-13 09:47:20.365783,0.0,16698875904,14379163648,2013323264,13.9,69894144,1972281344,2147479552,2147479552,0,0.0,108240035840,78536802304,24157683712,76.5,1790337024,342668288
2023-12-13 09:48:20.427406,100.0,16698875904,14256295936,2136195072,14.6,69918720,1972301824,2147479552,2147479552,0,0.0,108240035840,78536822784,24157663232,76.5,1790337024,342864896
2023-12-13 09:49:20.489019,0.0,16698875904,14391332864,2001162240,13.8,69935104,1972318208,2147479552,2147479552,0,0.0,108240035840,78536839168,24157646848,76.5,1790337024,342934528
2023-12-13 09:50:20.548302,0.0,16698875904,14193442816,2199044096,15.0,69951488,1972350976,2147479552,2147479552,0,0.0,108240035840,78536871936,24157614080,76.5,1790337024,343061504
2023-12-13 09:51:20.608284,0.0,16698875904,14198439936,2194051072,15.0,69967872,1972387840,2147479552,2147479552,0,0.0,108240035840,78536900608,24157585408,76.5,1790337024,343196672
2023-12-13 09:52:20.670555,0.0,16698875904,14390206464,2002280448,13.8,70000640,1972408320,2147479552,2147479552,0,0.0,108240035840,78536921088,24157564928,76.5,1790337024,343389184
2023-12-13 09:53:20.728211,0.0,16698875904,14204444672,2188050432,14.9,70017024,1972424704,2147479552,2147479552,0,0.0,108240035840,78536953856,24157532160,76.5,1790337024,343544832
2023-12-13 09:54:20.788260,0.0,16698875904,14205173760,2187325440,14.9,70033408,1972445184,2147479552,2147479552,0,0.0,108240035840,78536974336,24157511680,76.5,1790337024,343651328
2023-12-13 09:55:20.848203,0.0,16698875904,14205390848,2187108352,14.9,70049792,1972465664,2147479552,2147479552,0,0.0,108240035840,78536994816,24157491200,76.5,1790337024,343741440
2023-12-13 09:56:20.856304,0.0,16698875904,14392918016,1999540224,13.8,70074368,1972514816,2147479552,2147479552,0,0.0,108240035840,78537043968,24157442048,76.5,1790337024,343921664
2023-12-13 09:57:20.916224,0.0,16698875904,14187728896,2204762112,15.0,70107136,1972543488,2147479552,2147479552,0,0.0,108240035840,78537072640,24157413376,76.5,1790337024,344110080
2023-12-13 09:58:20.977822,0.0,16698875904,14389604352,2002894848,13.8,70123520,1972563968,2147479552,2147479552,0,0.0,108240035840,78537093120,24157392896,76.5,1790337024,344241152
2023-12-13 09:59:21.036182,0.0,16698875904,14200385536,2192113664,15.0,70139904,1972518912,2147479552,2147479552,0,0.0,108240035840,78537105408,24157380608,76.5,1790337024,344364032
2023-12-13 10:00:21.097748,0.0,16698875904,14388584448,2003902464,13.8,70160384,1972547584,2147479552,2147479552,0,0.0,108240035840,78537134080,24157351936,76.5,1790337024,344499200
2023-12-13 10:01:21.156193,0.0,16698875904,14196473856,2196021248,15.0,70176768,1972568064,2147479552,2147479552,0,0.0,108240035840,78537154560,24157331456,76.5,1790337024,344605696
2023-12-13 10:02:21.217800,0.0,16698875904,14388826112,2003668992,13.8,70209536,1972588544,2147479552,2147479552,0,0.0,108240035840,78537175040,24157310976,76.5,1790337024,344781824
2023-12-13 10:03:21.279521,100.0,16698875904,14389829632,2002661376,13.8,70225920,1972609024,2147479552,2147479552,0,0.0,108240035840,78537195520,24157290496,76.5,1790337024,344929280
2023-12-13 10:04:21.336319,0.0,16698875904,14388477952,2004017152,13.8,70242304,1972625408,2147479552,2147479552,0,0.0,108240035840,78537211904,24157274112,76.5,1790337024,345015296
2023-12-13 10:05:21.396271,0.0,16698875904,14197809152,2194673664,15.0,70258688,1972645888,2147479552,2147479552,0,0.0,108240035840,78537232384,24157253632,76.5,1790337024,345105408
2023-12-13 10:06:21.457915,0.0,16698875904,14388563968,2003906560,13.8,70275072,1972666368,2147479552,2147479552,0,0.0,108240035840,78537252864,24157233152,76.5,1790337024,345195520
2023-12-13 10:07:21.516293,0.0,16698875904,14189522944,2202959872,15.0,70307840,1972686848,2147479552,2147479552,0,0.0,108240035840,78537273344,24157212672,76.5,1790337024,345392128
2023-12-13 10:08:21.576292,0.0,16698875904,14369673216,2022821888,13.9,70324224,1972711424,2147479552,2147479552,0,0.0,108240035840,78537293824,24157192192,76.5,1790337024,345510912
2023-12-13 10:09:21.638006,0.0,16698875904,14357712896,2034741248,14.0,70356992,1972781056,2147479552,2147479552,0,0.0,108240035840,78537342976,24157143040,76.5,1790337024,345699328
2023-12-13 10:10:21.699716,100.0,16698875904,14380478464,2012000256,13.9,70381568,1972801536,2147479552,2147479552,0,0.0,108240035840,78537363456,24157122560,76.5,1790337024,345809920
2023-12-13 10:11:21.760220,0.0,16698875904,14251778048,2140696576,14.7,70397952,1972822016,2147479552,2147479552,0,0.0,108240035840,78537383936,24157102080,76.5,1790337024,345900032
2023-12-13 10:12:21.816224,0.0,16698875904,14269329408,2123132928,14.5,70430720,1972838400,2147479552,2147479552,0,0.0,108240035840,78537400320,24157085696,76.5,1790337024,346072064
2023-12-13 10:13:21.876211,0.0,16698875904,14183002112,2209480704,15.1,70447104,1972858880,2147479552,2147479552,0,0.0,108240035840,78537420800,24157065216,76.5,1790337024,346211328
2023-12-13 10:14:21.937818,0.0,16698875904,14385205248,2007277568,13.9,70463488,1972887552,2147479552,2147479552,0,0.0,108240035840,78537445376,24157040640,76.5,1790337024,346362880
2023-12-13 10:15:21.982801,0.0,16698875904,14385979392,2006470656,13.9,70479872,1972908032,2147479552,2147479552,0,0.0,108240035840,78537465856,24157020160,76.5,1790337024,346465280
2023-12-13 10:16:22.044576,0.0,16698875904,14385668096,2006814720,13.9,70496256,1972928512,2147479552,2147479552,0,0.0,108240035840,78537486336,24156999680,76.5,1790337024,346575872
2023-12-13 10:17:22.106260,0.0,16698875904,14390779904,2001678336,13.8,70537216,1972948992,2147479552,2147479552,0,0.0,108240035840,78537506816,24156979200,76.5,1790337024,347005952
2023-12-13 10:18:22.136320,0.0,16698875904,14392082432,2000396288,13.8,70553600,1972973568,2147479552,2147479552,0,0.0,108240035840,78537527296,24156958720,76.5,1790337024,347149312
2023-12-13 10:19:22.196204,0.0,16698875904,14191177728,2201300992,15.0,70569984,1972994048,2147479552,2147479552,0,0.0,108240035840,78537547776,24156938240,76.5,1790337024,347239424
2023-12-13 10:20:22.216285,0.0,16698875904,14393069568,1999409152,13.8,70594560,1973047296,2147479552,2147479552,0,0.0,108240035840,78537596928,24156889088,76.5,1790337024,347407360
2023-12-13 10:21:22.276283,0.0,16698875904,14182961152,2209513472,15.1,70619136,1973125120,2147479552,2147479552,0,0.0,108240035840,78537613312,24156872704,76.5,1790337024,347522048
2023-12-13 10:22:22.296312,0.0,16698875904,14365331456,2027143168,14.0,70660096,1973166080,2147479552,2147479552,0,0.0,108240035840,78537650176,24156835840,76.5,1790337024,347739136
2023-12-13 10:23:22.356238,0.0,16698875904,14171451392,2221015040,15.1,70684672,1973186560,2147479552,2147479552,0,0.0,108240035840,78537670656,24156815360,76.5,1790337024,347956224
2023-12-13 10:24:22.416178,0.0,16698875904,14175518720,2216947712,15.1,70733824,1973207040,2147479552,2147479552,0,0.0,108240035840,78537691136,24156794880,76.5,1790337024,348361728
2023-12-13 10:25:22.477794,0.0,16698875904,14361432064,2031022080,14.0,70758400,1973227520,2147479552,2147479552,0,0.0,108240035840,78537711616,24156774400,76.5,1790337024,348566528
2023-12-13 10:26:22.490964,100.0,16698875904,14385631232,2006835200,13.9,70774784,1973248000,2147479552,2147479552,0,0.0,108240035840,78537732096,24156753920,76.5,1790337024,348685312
2023-12-13 10:27:22.552569,0.0,16698875904,14382555136,2009915392,13.9,70807552,1973272576,2147479552,2147479552,0,0.0,108240035840,78537752576,24156733440,76.5,1790337024,348857344
2023-12-13 10:28:22.612223,0.0,16698875904,14198398976,2194055168,15.0,70823936,1973288960,2147479552,2147479552,0,0.0,108240035840,78537768960,24156717056,76.5,1790337024,348967936
2023-12-13 10:29:22.673815,0.0,16698875904,14380302336,2012168192,13.9,70848512,1973309440,2147479552,2147479552,0,0.0,108240035840,78537789440,24156696576,76.5,1790337024,349078528
2023-12-13 10:30:22.735507,50.0,16698875904,14381510656,2010951680,13.9,70873088,1973334016,2147479552,2147479552,0,0.0,108240035840,78537809920,24156676096,76.5,1790337024,349258752
2023-12-13 10:31:22.797183,0.0,16698875904,14383366144,2009104384,13.9,70897664,1973354496,2147479552,2147479552,0,0.0,108240035840,78537830400,24156655616,76.5,1790337024,349582336
2023-12-13 10:32:22.856300,0.0,16698875904,14184910848,2207531008,15.1,70930432,1973407744,2147479552,2147479552,0,0.0,108240035840,78537879552,24156606464,76.5,1790337024,349787136
2023-12-13 10:33:22.916181,0.0,16698875904,14191947776,2200518656,15.0,70946816,1973231616,2147479552,2147479552,0,0.0,108240035840,78537875456,24156610560,76.5,1790337024,349946880
2023-12-13 10:34:22.977777,0.0,16698875904,14379024384,2013442048,13.9,70963200,1973252096,2147479552,2147479552,0,0.0,108240035840,78537895936,24156590080,76.5,1790337024,350036992
2023-12-13 10:35:23.039451,0.0,16698875904,14391164928,2001293312,13.8,70995968,1973112832,2147479552,2147479552,0,0.0,108240035840,78537756672,24156729344,76.5,1790337024,350548992
2023-12-13 10:36:23.095466,100.0,16698875904,14336356352,2056105984,14.1,71012352,1973141504,2147479552,2147479552,0,0.0,108240035840,78537785344,24156700672,76.5,1790337024,350651392
2023-12-13 10:37:23.156178,0.0,16698875904,14180036608,2212421632,15.1,71049216,1973170176,2147479552,2147479552,0,0.0,108240035840,78537809920,24156676096,76.5,1790337024,350872576
2023-12-13 10:38:23.217759,0.0,16698875904,14373576704,2018869248,13.9,71065600,1973190656,2147479552,2147479552,0,0.0,108240035840,78537830400,24156655616,76.5,1790337024,350999552
2023-12-13 10:39:23.276307,0.0,16698875904,14185160704,2207305728,15.1,71081984,1973223424,2147479552,2147479552,0,0.0,108240035840,78537863168,24156622848,76.5,1790337024,351126528
2023-12-13 10:40:23.336181,0.0,16698875904,14180286464,2212167680,15.1,71114752,1973243904,2147479552,2147479552,0,0.0,108240035840,78537883648,24156602368,76.5,1790337024,351282176
2023-12-13 10:41:23.396214,0.0,16698875904,14193852416,2198605824,15.0,71131136,1973264384,2147479552,2147479552,0,0.0,108240035840,78537904128,24156581888,76.5,1790337024,351454208
2023-12-13 10:42:23.456302,0.0,16698875904,14190256128,2202189824,15.0,71163904,1973288960,2147479552,2147479552,0,0.0,108240035840,78537924608,24156561408,76.5,1790337024,351626240
2023-12-13 10:43:23.518567,0.0,16698875904,14388289536,2004148224,13.8,71180288,1973350400,2147479552,2147479552,0,0.0,108240035840,78537986048,24156499968,76.5,1790337024,351777792
2023-12-13 10:44:23.576255,0.0,16698875904,14196391936,2196074496,15.0,71213056,1973305344,2147479552,2147479552,0,0.0,108240035840,78537998336,24156487680,76.5,1790337024,352011264
2023-12-13 10:45:23.636219,0.0,16698875904,14194171904,2198294528,15.0,71237632,1973325824,2147479552,2147479552,0,0.0,108240035840,78538018816,24156467200,76.5,1790337024,352101376
2023-12-13 10:46:23.696190,0.0,16698875904,14195564544,2196901888,15.0,71254016,1973465088,2147479552,2147479552,0,0.0,108240035840,78538051584,24156434432,76.5,1790337024,352232448
2023-12-13 10:47:23.756279,0.0,16698875904,14123470848,2268962816,15.4,71286784,1973489664,2147479552,2147479552,0,0.0,108240035840,78538072064,24156413952,76.5,1790337024,352420864
2023-12-13 10:48:23.800289,0.0,16698875904,14386360320,2006065152,13.8,71303168,1973534720,2147479552,2147479552,0,0.0,108240035840,78538100736,24156385280,76.5,1790337024,352564224
2023-12-13 10:49:23.861895,0.0,16698875904,14387224576,2005221376,13.8,71319552,1973571584,2147479552,2147479552,0,0.0,108240035840,78538133504,24156352512,76.5,1790337024,352699392
2023-12-13 10:50:23.864304,0.0,16698875904,14389018624,2003435520,13.8,71335936,1973592064,2147479552,2147479552,0,0.0,108240035840,78538153984,24156332032,76.5,1790337024,352805888
2023-12-13 10:51:23.924230,0.0,16698875904,14195810304,2196627456,15.0,71352320,1973608448,2147479552,2147479552,0,0.0,108240035840,78538170368,24156315648,76.5,1790337024,352891904
2023-12-13 10:52:23.948524,0.0,16698875904,14376472576,2015956992,13.9,71385088,1973628928,2147479552,2147479552,0,0.0,108240035840,78538190848,24156295168,76.5,1790337024,353063936
2023-12-13 10:53:24.008199,0.0,16698875904,14100885504,2291527680,15.6,71401472,1973661696,2147479552,2147479552,0,0.0,108240035840,78538223616,24156262400,76.5,1790337024,353215488
2023-12-13 10:54:24.068284,0.0,16698875904,14192742400,2199703552,15.0,71417856,1973813248,2147479552,2147479552,0,0.0,108240035840,78538244096,24156241920,76.5,1790468096,353321984
2023-12-13 10:55:24.128211,0.0,16698875904,14157193216,2235219968,15.2,71434240,1973866496,2147479552,2147479552,0,0.0,108240035840,78538293248,24156192768,76.5,1790468096,353416192
2023-12-13 10:56:24.188307,0.0,16698875904,14112284672,2280157184,15.5,71450624,1973903360,2147479552,2147479552,0,0.0,108240035840,78538326016,24156160000,76.5,1790468096,353596416
2023-12-13 10:57:24.248284,0.0,16698875904,14184415232,2208006144,15.1,71483392,1973923840,2147479552,2147479552,0,0.0,108240035840,78538346496,24156139520,76.5,1790468096,353784832
2023-12-13 10:58:24.309916,0.0,16698875904,14385352704,2007097344,13.9,71499776,1973944320,2147479552,2147479552,0,0.0,108240035840,78538366976,24156119040,76.5,1790468096,353899520
2023-12-13 10:59:24.371550,50.0,16698875904,13989928960,2402508800,16.2,71516160,1973977088,2147479552,2147479552,0,0.0,108240035840,78538395648,24156090368,76.5,1790468096,354022400
2023-12-13 11:00:24.433151,0.0,16698875904,14384734208,2007695360,13.9,71548928,1974018048,2147479552,2147479552,0,0.0,108240035840,78538440704,24156045312,76.5,1790468096,354227200
2023-12-13 11:01:24.492185,0.0,16698875904,14192418816,2200006656,15.0,71565312,1974046720,2147479552,2147479552,0,0.0,108240035840,78538469376,24156016640,76.5,1790468096,354337792
2023-12-13 11:02:24.553778,0.0,16698875904,14384279552,2008166400,13.9,71598080,1974083584,2147479552,2147479552,0,0.0,108240035840,78538502144,24155983872,76.5,1790468096,354558976
2023-12-13 11:03:24.615393,100.0,16698875904,13980827648,2411618304,16.3,71614464,1974104064,2147479552,2147479552,0,0.0,108240035840,78538522624,24155963392,76.5,1790468096,354685952
2023-12-13 11:04:24.676999,0.0,16698875904,14374371328,2018074624,13.9,71630848,1974124544,2147479552,2147479552,0,0.0,108240035840,78538543104,24155942912,76.5,1790468096,354776064
2023-12-13 11:05:24.736208,0.0,16698875904,14157123584,2235314176,15.2,71647232,1974145024,2147479552,2147479552,0,0.0,108240035840,78538563584,24155922432,76.5,1790468096,354866176
2023-12-13 11:06:24.796208,0.0,16698875904,13979373568,2413064192,16.3,71663616,1974177792,2147479552,2147479552,0,0.0,108240035840,78538596352,24155889664,76.5,1790468096,354993152
2023-12-13 11:07:24.857802,0.0,16698875904,14374735872,2017644544,13.9,71696384,1974345728,2147479552,2147479552,0,0.0,108240035840,78538645504,24155840512,76.5,1790468096,355247104
2023-12-13 11:08:24.916190,0.0,16698875904,14186082304,2206343168,15.0,71712768,1974366208,2147479552,2147479552,0,0.0,108240035840,78538665984,24155820032,76.5,1790468096,355386368
2023-12-13 11:09:24.976288,0.0,16698875904,14183874560,2208563200,15.1,71729152,1974398976,2147479552,2147479552,0,0.0,108240035840,78538698752,24155787264,76.5,1790468096,355513344
2023-12-13 11:10:25.036208,0.0,16698875904,14197895168,2194546688,15.0,71745536,1974423552,2147479552,2147479552,0,0.0,108240035840,78538719232,24155766784,76.5,1790468096,355619840
2023-12-13 11:11:25.097805,0.0,16698875904,14382268416,2010132480,13.9,71770112,1974476800,2147479552,2147479552,0,0.0,108240035840,78538747904,24155738112,76.5,1790468096,355746816
2023-12-13 11:12:25.156188,0.0,16698875904,14196649984,2195730432,15.0,71811072,1974509568,2147479552,2147479552,0,0.0,108240035840,78538780672,24155705344,76.5,1790468096,356013056
2023-12-13 11:13:25.216205,0.0,16698875904,14192816128,2199609344,15.0,71827456,1974530048,2147479552,2147479552,0,0.0,108240035840,78538801152,24155684864,76.5,1790468096,356103168
2023-12-13 11:14:25.277797,0.0,16698875904,14385238016,2007179264,13.9,71843840,1974550528,2147479552,2147479552,0,0.0,108240035840,78538821632,24155664384,76.5,1790468096,356176896
2023-12-13 11:15:25.339481,0.0,16698875904,14381350912,2011078656,13.9,71860224,1974566912,2147479552,2147479552,0,0.0,108240035840,78538838016,24155648000,76.5,1790468096,356262912
2023-12-13 11:16:25.400202,0.0,16698875904,14192832512,2199564288,15.0,71876608,1974599680,2147479552,2147479552,0,0.0,108240035840,78538870784,24155615232,76.5,1790468096,356389888
2023-12-13 11:17:25.460207,0.0,16698875904,14161498112,2230931456,15.2,71917568,1974620160,2147479552,2147479552,0,0.0,108240035840,78538891264,24155594752,76.5,1790468096,356815872
2023-12-13 11:18:25.492302,0.0,16698875904,14362505216,2029912064,14.0,71942144,1974644736,2147479552,2147479552,0,0.0,108240035840,78538911744,24155574272,76.5,1790468096,356983808
2023-12-13 11:19:25.553949,0.0,16698875904,14377807872,2014593024,13.9,72003584,1974894592,2147479552,2147479552,0,0.0,108240035840,78538936320,24155549696,76.5,1790730240,357655552
2023-12-13 11:20:25.615687,66.7,16698875904,14377345024,2015080448,13.9,72019968,1974915072,2147479552,2147479552,0,0.0,108240035840,78538956800,24155529216,76.5,1790730240,357843968
2023-12-13 11:21:25.677371,0.0,16698875904,14366593024,2025824256,14.0,72036352,1974935552,2147479552,2147479552,0,0.0,108240035840,78538977280,24155508736,76.5,1790730240,357934080
2023-12-13 11:22:25.736175,0.0,16698875904,14182928384,2209488896,15.1,72077312,1974956032,2147479552,2147479552,0,0.0,108240035840,78538997760,24155488256,76.5,1790730240,358155264
2023-12-13 11:23:25.796202,0.0,16698875904,14149234688,2243186688,15.3,72110080,1974984704,2147479552,2147479552,0,0.0,108240035840,78539022336,24155463680,76.5,1790730240,358470656
2023-12-13 11:24:25.857775,0.0,16698875904,14374469632,2017935360,13.9,72126464,1975005184,2147479552,2147479552,0,0.0,108240035840,78539042816,24155443200,76.5,1790730240,358544384
2023-12-13 11:25:25.916259,0.0,16698875904,14194839552,2197569536,15.0,72142848,1975025664,2147479552,2147479552,0,0.0,108240035840,78539063296,24155422720,76.5,1790730240,358654976
2023-12-13 11:26:25.977844,0.0,16698875904,14386798592,2005594112,13.8,72159232,1975046144,2147479552,2147479552,0,0.0,108240035840,78539083776,24155402240,76.5,1790730240,358745088
2023-12-13 11:27:25.992301,0.0,16698875904,14383845376,2008580096,13.9,72192000,1975066624,2147479552,2147479552,0,0.0,108240035840,78539104256,24155381760,76.5,1790730240,358921216
2023-12-13 11:28:26.052201,0.0,16698875904,14190899200,2201518080,15.0,72208384,1975087104,2147479552,2147479552,0,0.0,108240035840,78539124736,24155361280,76.5,1790730240,359040000
2023-12-13 11:29:26.112296,0.0,16698875904,14194970624,2197434368,15.0,72224768,1975111680,2147479552,2147479552,0,0.0,108240035840,78539149312,24155336704,76.5,1790730240,359171072
2023-12-13 11:30:26.172282,0.0,16698875904,14205440000,2186977280,14.9,72249344,1975242752,2147479552,2147479552,0,0.0,108240035840,78539165696,24155320320,76.5,1790730240,359339008
2023-12-13 11:31:26.232293,0.0,16698875904,14381887488,2010533888,13.9,72290304,1975296000,2147479552,2147479552,0,0.0,108240035840,78539214848,24155271168,76.5,1790730240,360059904
2023-12-13 11:32:26.244213,0.0,16698875904,14145638400,2246758400,15.3,72323072,1975316480,2147479552,2147479552,0,0.0,108240035840,78539235328,24155250688,76.5,1790730240,360252416
2023-12-13 11:33:26.304182,0.0,16698875904,14182879232,2209533952,15.1,72339456,1975336960,2147479552,2147479552,0,0.0,108240035840,78539255808,24155230208,76.5,1790730240,360371200
2023-12-13 11:34:26.365773,0.0,16698875904,14385123328,2007298048,13.9,72355840,1975357440,2147479552,2147479552,0,0.0,108240035840,78539276288,24155209728,76.5,1790730240,360477696
2023-12-13 11:35:26.427502,100.0,16698875904,14383968256,2008453120,13.9,72380416,1975377920,2147479552,2147479552,0,0.0,108240035840,78539296768,24155189248,76.5,1790730240,360604672
2023-12-13 11:36:26.488262,0.0,16698875904,14194315264,2198102016,15.0,72396800,1975398400,2147479552,2147479552,0,0.0,108240035840,78539313152,24155172864,76.5,1790730240,360694784
2023-12-13 11:37:26.548206,0.0,16698875904,14194282496,2198138880,15.0,72429568,1975418880,2147479552,2147479552,0,0.0,108240035840,78539333632,24155152384,76.5,1790730240,360866816
2023-12-13 11:38:26.609792,0.0,16698875904,14384291840,2008092672,13.9,72458240,1975476224,2147479552,2147479552,0,0.0,108240035840,78539370496,24155115520,76.5,1790730240,361030656
2023-12-13 11:39:26.668229,0.0,16698875904,14192140288,2200268800,15.0,72482816,1975496704,2147479552,2147479552,0,0.0,108240035840,78539390976,24155095040,76.5,1790730240,361174016
2023-12-13 11:40:26.728261,0.0,16698875904,14189019136,2203381760,15.0,72499200,1975517184,2147479552,2147479552,0,0.0,108240035840,78539411456,24155074560,76.5,1790730240,361264128
2023-12-13 11:41:26.788265,0.0,16698875904,14197829632,2194554880,15.0,72523776,1975537664,2147479552,2147479552,0,0.0,108240035840,78539431936,24155054080,76.5,1790730240,361354240
2023-12-13 11:42:26.849862,0.0,16698875904,14384025600,2008367104,13.9,72556544,1975566336,2147479552,2147479552,0,0.0,108240035840,78539452416,24155033600,76.5,1790730240,361550848
2023-12-13 11:43:26.908208,0.0,16698875904,14194180096,2198196224,15.0,72589312,1975611392,2147479552,2147479552,0,0.0,108240035840,78539497472,24154988544,76.5,1790730240,361747456
2023-12-13 11:44:26.968222,0.0,16698875904,14186463232,2205888512,15.0,72605696,1975635968,2147479552,2147479552,0,0.0,108240035840,78539517952,24154968064,76.5,1790730240,361841664
2023-12-13 11:45:27.028181,0.0,16698875904,14187241472,2205159424,15.0,72630272,1975656448,2147479552,2147479552,0,0.0,108240035840,78539538432,24154947584,76.5,1790730240,361960448
2023-12-13 11:46:27.088295,0.0,16698875904,14197309440,2195087360,15.0,72654848,1975676928,2147479552,2147479552,0,0.0,108240035840,78539558912,24154927104,76.5,1790730240,362075136
2023-12-13 11:47:27.148269,0.0,16698875904,14193139712,2199261184,15.0,72687616,1975697408,2147479552,2147479552,0,0.0,108240035840,78539579392,24154906624,76.5,1790730240,362251264
2023-12-13 11:48:27.209908,0.0,16698875904,14385459200,2006921216,13.9,72712192,1975717888,2147479552,2147479552,0,0.0,108240035840,78539599872,24154886144,76.5,1790730240,362402816
2023-12-13 11:49:27.268291,0.0,16698875904,14191706112,2200657920,15.0,72736768,1975738368,2147479552,2147479552,0,0.0,108240035840,78539620352,24154865664,76.5,1790730240,362505216
2023-12-13 11:50:27.328302,0.0,16698875904,14196908032,2195484672,15.0,72753152,1975754752,2147479552,2147479552,0,0.0,108240035840,78539636736,24154849280,76.5,1790730240,362591232
2023-12-13 11:51:27.388214,0.0,16698875904,14196756480,2195628032,15.0,72785920,1975771136,2147479552,2147479552,0,0.0,108240035840,78539649024,24154836992,76.5,1790730240,362775552
2023-12-13 11:52:27.448320,0.0,16698875904,14385565696,2006827008,13.9,72835072,1975791616,2147479552,2147479552,0,0.0,108240035840,78539669504,24154816512,76.5,1790730240,363004928
2023-12-13 11:53:27.508189,0.0,16698875904,14198390784,2193993728,15.0,72859648,1975672832,2147479552,2147479552,0,0.0,108240035840,78539665408,24154820608,76.5,1790730240,363168768
2023-12-13 11:54:27.568202,0.0,16698875904,14196199424,2196152320,15.0,72884224,1975693312,2147479552,2147479552,0,0.0,108240035840,78539685888,24154800128,76.5,1790730240,363275264
2023-12-13 11:55:27.628272,0.0,16698875904,14191136768,2201235456,15.0,72933376,1975754752,2147479552,2147479552,0,0.0,108240035840,78539739136,24154746880,76.5,1790730240,363480064
2023-12-13 11:56:27.672293,0.0,16698875904,14387089408,2005270528,13.8,72949760,1975771136,2147479552,2147479552,0,0.0,108240035840,78539755520,24154730496,76.5,1790730240,363602944
2023-12-13 11:57:27.733890,0.0,16698875904,14256898048,2135498752,14.6,72994816,1975652352,2147479552,2147479552,0,0.0,108240035840,78539632640,24154853376,76.5,1790730240,363852800
2023-12-13 11:58:27.792271,0.0,16698875904,14183993344,2208403456,15.1,73027584,1975685120,2147479552,2147479552,0,0.0,108240035840,78539665408,24154820608,76.5,1790730240,364057600
2023-12-13 11:59:27.853869,0.0,16698875904,14378754048,2013618176,13.9,73052160,1975705600,2147479552,2147479552,0,0.0,108240035840,78539685888,24154800128,76.5,1790730240,364160000
2023-12-13 12:00:27.912277,0.0,16698875904,14194171904,2198192128,15.0,73068544,1975726080,2147479552,2147479552,0,0.0,108240035840,78539706368,24154779648,76.5,1790730240,364250112
2023-12-13 12:01:27.972177,0.0,16698875904,14191505408,2200862720,15.0,73084928,1975853056,2147479552,2147479552,0,0.0,108240035840,78539726848,24154759168,76.5,1790730240,364340224
2023-12-13 12:02:28.024321,0.0,16698875904,14380150784,2012233728,13.9,73125888,1975889920,2147479552,2147479552,0,0.0,108240035840,78539759616,24154726400,76.5,1790730240,364565504
2023-12-13 12:03:28.086033,0.0,16698875904,14385766400,2006601728,13.9,73150464,1975906304,2147479552,2147479552,0,0.0,108240035840,78539776000,24154710016,76.5,1790730240,364708864
2023-12-13 12:04:28.144179,0.0,16698875904,14189604864,2202787840,15.0,73166848,1975926784,2147479552,2147479552,0,0.0,108240035840,78539796480,24154689536,76.5,1790730240,364798976
2023-12-13 12:05:28.204175,0.0,16698875904,14191321088,2201030656,15.0,73199616,1975959552,2147479552,2147479552,0,0.0,108240035840,78539829248,24154656768,76.5,1790730240,364950528
2023-12-13 12:06:28.264295,0.0,16698875904,14188556288,2203836416,15.0,73240576,1976008704,2147479552,2147479552,0,0.0,108240035840,78539878400,24154607616,76.5,1790730240,365143040
2023-12-13 12:07:28.324199,0.0,16698875904,14189867008,2202517504,15.0,73281536,1976033280,2147479552,2147479552,0,0.0,108240035840,78539898880,24154587136,76.5,1790730240,365351936
2023-12-13 12:08:28.384294,0.0,16698875904,14193610752,2198769664,15.0,73314304,1976074240,2147479552,2147479552,0,0.0,108240035840,78539943936,24154542080,76.5,1790730240,365544448
2023-12-13 12:09:28.446222,0.0,16698875904,14381232128,2011156480,13.9,73338880,1976098816,2147479552,2147479552,0,0.0,108240035840,78539964416,24154521600,76.5,1790730240,365663232
2023-12-13 12:10:28.504173,0.0,16698875904,14191239168,2201120768,15.0,73355264,1976115200,2147479552,2147479552,0,0.0,108240035840,78539980800,24154505216,76.5,1790730240,365749248
2023-12-13 12:11:28.564207,0.0,16698875904,14018560000,2373779456,16.1,73379840,1976135680,2147479552,2147479552,0,0.0,108240035840,78540001280,24154484736,76.5,1790730240,365851648
2023-12-13 12:12:28.624272,0.0,16698875904,14374649856,2017730560,13.9,73412608,1976172544,2147479552,2147479552,0,0.0,108240035840,78540034048,24154451968,76.5,1790730240,366056448
2023-12-13 12:13:28.684191,0.0,16698875904,14188744704,2203623424,15.0,73437184,1976205312,2147479552,2147479552,0,0.0,108240035840,78540066816,24154419200,76.5,1790730240,366208000
2023-12-13 12:14:28.744179,0.0,16698875904,14195707904,2196660224,15.0,73478144,1976242176,2147479552,2147479552,0,0.0,108240035840,78540099584,24154386432,76.5,1790730240,366392320
2023-12-13 12:15:28.804213,0.0,16698875904,14199455744,2192912384,15.0,73535488,1976274944,2147479552,2147479552,0,0.0,108240035840,78540132352,24154353664,76.5,1790730240,366826496
2023-12-13 12:16:28.865793,0.0,16698875904,14375387136,2016989184,13.9,73560064,1976295424,2147479552,2147479552,0,0.0,108240035840,78540152832,24154333184,76.5,1790730240,366978048
2023-12-13 12:17:28.924174,0.0,16698875904,14385389568,2006994944,13.9,73592832,1976311808,2147479552,2147479552,0,0.0,108240035840,78540169216,24154316800,76.5,1790730240,367367168
2023-12-13 12:18:28.984168,0.0,16698875904,14191509504,2200870912,15.0,73633792,1976377344,2147479552,2147479552,0,0.0,108240035840,78540230656,24154255360,76.5,1790730240,367617024
2023-12-13 12:19:29.044287,0.0,16698875904,14193786880,2198560768,15.0,73650176,1976397824,2147479552,2147479552,0,0.0,108240035840,78540251136,24154234880,76.5,1790730240,367727616
2023-12-13 12:20:29.104177,0.0,16698875904,14192619520,2199744512,15.0,73682944,1976434688,2147479552,2147479552,0,0.0,108240035840,78540279808,24154206208,76.5,1790730240,367875072
2023-12-13 12:21:29.164264,0.0,16698875904,14195441664,2196926464,15.0,73715712,1976467456,2147479552,2147479552,0,0.0,108240035840,78540312576,24154173440,76.5,1790730240,368116736
2023-12-13 12:22:29.224210,0.0,16698875904,14198890496,2193473536,15.0,73740288,1976487936,2147479552,2147479552,0,0.0,108240035840,78540333056,24154152960,76.5,1790730240,368329728
2023-12-13 12:23:29.284206,0.0,16698875904,14202687488,2189668352,14.9,73756672,1976504320,2147479552,2147479552,0,0.0,108240035840,78540349440,24154136576,76.5,1790730240,368444416
2023-12-13 12:24:29.344294,0.0,16698875904,14196695040,2195677184,15.0,73781248,1976524800,2147479552,2147479552,0,0.0,108240035840,78540369920,24154116096,76.5,1790730240,368546816
2023-12-13 12:25:29.404190,0.0,16698875904,14184398848,2207928320,15.1,73805824,1976557568,2147479552,2147479552,0,0.0,108240035840,78540402688,24154083328,76.5,1790730240,368686080
2023-12-13 12:26:29.464171,0.0,16698875904,14178136064,2214236160,15.1,73830400,1976578048,2147479552,2147479552,0,0.0,108240035840,78540423168,24154062848,76.5,1790730240,368808960
2023-12-13 12:27:29.524286,0.0,16698875904,14165975040,2226393088,15.2,73863168,1976705024,2147479552,2147479552,0,0.0,108240035840,78540431360,24154054656,76.5,1790730240,369001472
2023-12-13 12:28:29.584195,0.0,16698875904,14184345600,2208022528,15.1,73887744,1976741888,2147479552,2147479552,0,0.0,108240035840,78540464128,24154021888,76.5,1790730240,369189888
2023-12-13 12:29:29.644186,0.0,16698875904,14183649280,2208714752,15.1,73920512,1976786944,2147479552,2147479552,0,0.0,108240035840,78540509184,24153976832,76.5,1790730240,369288192
2023-12-13 12:30:29.704300,0.0,16698875904,14181322752,2211028992,15.1,73953280,1976807424,2147479552,2147479552,0,0.0,108240035840,78540529664,24153956352,76.5,1790730240,369673216
2023-12-13 12:31:29.764288,0.0,16698875904,14197465088,2194853888,15.0,73986048,1976848384,2147479552,2147479552,0,0.0,108240035840,78540570624,24153915392,76.5,1790730240,370209792
2023-12-13 12:32:29.824210,0.0,16698875904,14016077824,2376269824,16.1,74018816,1976872960,2147479552,2147479552,0,0.0,108240035840,78540591104,24153894912,76.5,1790730240,370385920
2023-12-13 12:33:29.884179,0.0,16698875904,14186299392,2206052352,15.0,74043392,1976893440,2147479552,2147479552,0,0.0,108240035840,78540611584,24153874432,76.5,1790730240,370508800
2023-12-13 12:34:29.944208,0.0,16698875904,14181605376,2210758656,15.1,74059776,1976913920,2147479552,2147479552,0,0.0,108240035840,78540632064,24153853952,76.5,1790730240,370598912
2023-12-13 12:35:30.004237,0.0,16698875904,14187520000,2204815360,15.0,74092544,1977053184,2147479552,2147479552,0,0.0,108240035840,78540664832,24153821184,76.5,1790730240,370750464
2023-12-13 12:36:30.064179,0.0,16698875904,14195503104,2196807680,15.0,74117120,1977085952,2147479552,2147479552,0,0.0,108240035840,78540689408,24153796608,76.5,1790730240,370910208
2023-12-13 12:37:30.124273,0.0,16698875904,14175944704,2216386560,15.1,74141696,1977102336,2147479552,2147479552,0,0.0,108240035840,78540705792,24153780224,76.5,1790730240,371065856
2023-12-13 12:38:30.185797,0.0,16698875904,14176219136,2216148992,15.1,74166272,1977135104,2147479552,2147479552,0,0.0,108240035840,78540738560,24153747456,76.5,1790730240,371225600
2023-12-13 12:39:30.247401,0.0,16698875904,14114209792,2278154240,15.5,74190848,1977155584,2147479552,2147479552,0,0.0,108240035840,78540759040,24153726976,76.5,1790730240,371344384
2023-12-13 12:40:30.308205,0.0,16698875904,14176768000,2215546880,15.1,74215424,1977208832,2147479552,2147479552,0,0.0,108240035840,78540808192,24153677824,76.5,1790730240,371442688
2023-12-13 12:41:30.369798,0.0,16698875904,14099468288,2292879360,15.6,74248192,1977229312,2147479552,2147479552,0,0.0,108240035840,78540828672,24153657344,76.5,1790730240,371618816
2023-12-13 12:42:30.431410,0.0,16698875904,14146240512,2246098944,15.3,74280960,1977253888,2147479552,2147479552,0,0.0,108240035840,78540849152,24153636864,76.5,1790730240,371803136
2023-12-13 12:43:30.492196,0.0,16698875904,14051450880,2340904960,15.9,74305536,1977274368,2147479552,2147479552,0,0.0,108240035840,78540869632,24153616384,76.5,1790730240,371942400
2023-12-13 12:44:30.552179,0.0,16698875904,14186332160,2206023680,15.0,74330112,1977290752,2147479552,2147479552,0,0.0,108240035840,78540886016,24153600000,76.5,1790730240,372057088
2023-12-13 12:45:30.613765,0.0,16698875904,14123991040,2268368896,15.4,74354688,1977311232,2147479552,2147479552,0,0.0,108240035840,78540906496,24153579520,76.5,1790730240,372155392
2023-12-13 12:46:30.675466,0.0,16698875904,14118854656,2273484800,15.5,74379264,1977331712,2147479552,2147479552,0,0.0,108240035840,78540926976,24153559040,76.5,1790730240,372253696
2023-12-13 12:47:30.737101,0.0,16698875904,14117584896,2274758656,15.5,74412032,1977356288,2147479552,2147479552,0,0.0,108240035840,78540947456,24153538560,76.5,1790730240,372421632
2023-12-13 12:48:30.744296,0.0,16698875904,14118080512,2274242560,15.5,74444800,1977389056,2147479552,2147479552,0,0.0,108240035840,78540980224,24153505792,76.5,1790730240,372577280
2023-12-13 12:49:30.805955,0.0,16698875904,14117195776,2275155968,15.5,74477568,1977409536,2147479552,2147479552,0,0.0,108240035840,78541000704,24153485312,76.5,1790730240,372749312
2023-12-13 12:50:30.840284,0.0,16698875904,14121062400,2271293440,15.4,74502144,1977544704,2147479552,2147479552,0,0.0,108240035840,78541021184,24153464832,76.5,1790730240,372835328
2023-12-13 12:51:30.900299,0.0,16698875904,14116634624,2275684352,15.5,74526720,1977561088,2147479552,2147479552,0,0.0,108240035840,78541037568,24153448448,76.5,1790730240,372954112
2023-12-13 12:52:30.960436,0.0,16698875904,14124830720,2267496448,15.4,74559488,1977618432,2147479552,2147479552,0,0.0,108240035840,78541086720,24153399296,76.5,1790730240,373126144
2023-12-13 12:53:31.020182,0.0,16698875904,14110019584,2282315776,15.5,74584064,1977638912,2147479552,2147479552,0,0.0,108240035840,78541107200,24153378816,76.5,1790730240,373335040
2023-12-13 12:54:31.080291,0.0,16698875904,14183288832,2209034240,15.1,74608640,1977659392,2147479552,2147479552,0,0.0,108240035840,78541127680,24153358336,76.5,1790730240,373445632
2023-12-13 12:55:31.140299,0.0,16698875904,14192861184,2199494656,15.0,74625024,1977683968,2147479552,2147479552,0,0.0,108240035840,78541148160,24153337856,76.5,1790730240,373535744
2023-12-13 12:56:31.176202,0.0,16698875904,14120337408,2271989760,15.4,74649600,1977692160,2147479552,2147479552,0,0.0,108240035840,78541156352,24153329664,76.5,1790730240,373666816
2023-12-13 12:57:31.237956,0.0,16698875904,13988229120,2404126720,16.2,74682368,1977712640,2147479552,2147479552,0,0.0,108240035840,78541176832,24153309184,76.5,1790730240,373834752
2023-12-13 12:58:31.296185,0.0,16698875904,14191857664,2200477696,15.0,74706944,1977729024,2147479552,2147479552,0,0.0,108240035840,78541193216,24153292800,76.5,1790730240,373974016
2023-12-13 12:59:31.356205,0.0,16698875904,13993418752,2398908416,16.2,74739712,1977753600,2147479552,2147479552,0,0.0,108240035840,78541217792,24153268224,76.5,1790730240,374100992
2023-12-13 13:00:31.416214,0.0,16698875904,13998911488,2393440256,16.2,74764288,1977778176,2147479552,2147479552,0,0.0,108240035840,78541238272,24153247744,76.5,1790730240,374211584
2023-12-13 13:01:31.477744,0.0,16698875904,14009475072,2382856192,16.1,74788864,1977798656,2147479552,2147479552,0,0.0,108240035840,78541258752,24153227264,76.5,1790730240,374334464
2023-12-13 13:02:31.539256,100.0,16698875904,14020255744,2372100096,16.0,74829824,1977933824,2147479552,2147479552,0,0.0,108240035840,78541279232,24153206784,76.5,1790730240,374518784
2023-12-13 13:03:31.600804,0.0,16698875904,14027169792,2365181952,16.0,74854400,1977958400,2147479552,2147479552,0,0.0,108240035840,78541299712,24153186304,76.5,1790730240,374641664
2023-12-13 13:04:31.660193,0.0,16698875904,14188879872,2203459584,15.0,74887168,1978007552,2147479552,2147479552,0,0.0,108240035840,78541348864,24153137152,76.5,1790730240,374801408
2023-12-13 13:05:31.720215,0.0,16698875904,14086225920,2306125824,15.6,74911744,1978023936,2147479552,2147479552,0,0.0,108240035840,78541365248,24153120768,76.5,1790730240,374932480
2023-12-13 13:06:31.781471,0.0,16698875904,14038056960,2354257920,15.9,74936320,1978044416,2147479552,2147479552,0,0.0,108240035840,78541385728,24153100288,76.5,1790730240,375047168
2023-12-13 13:07:31.840210,0.0,16698875904,14051098624,2341228544,15.9,74977280,1978068992,2147479552,2147479552,0,0.0,108240035840,78541406208,24153079808,76.5,1790730240,375231488
2023-12-13 13:08:31.901708,0.0,16698875904,14052974592,2339364864,15.8,75026432,1978105856,2147479552,2147479552,0,0.0,108240035840,78541438976,24153047040,76.5,1790730240,375497728
2023-12-13 13:09:31.963196,50.0,16698875904,14052331520,2339999744,15.8,75051008,1978126336,2147479552,2147479552,0,0.0,108240035840,78541459456,24153026560,76.5,1790730240,375804928
2023-12-13 13:10:32.024233,0.0,16698875904,14173581312,2218737664,15.1,75075584,1978146816,2147479552,2147479552,0,0.0,108240035840,78541479936,24153006080,76.5,1790730240,375903232
2023-12-13 13:11:32.085741,0.0,16698875904,14059528192,2332798976,15.8,75100160,1978167296,2147479552,2147479552,0,0.0,108240035840,78541496320,24152989696,76.5,1790730240,376022016
2023-12-13 13:12:32.147241,0.0,16698875904,14077317120,2315018240,15.7,75141120,1978187776,2147479552,2147479552,0,0.0,108240035840,78541516800,24152969216,76.5,1790730240,376202240
2023-12-13 13:13:32.208219,0.0,16698875904,14084833280,2307489792,15.7,75173888,1977946112,2147479552,2147479552,0,0.0,108240035840,78541504512,24152981504,76.5,1790730240,376366080
2023-12-13 13:14:32.268243,0.0,16698875904,14171611136,2220728320,15.1,75198464,1977966592,2147479552,2147479552,0,0.0,108240035840,78541524992,24152961024,76.5,1790730240,376488960
2023-12-13 13:15:32.329766,0.0,16698875904,14108667904,2283675648,15.5,75223040,1977991168,2147479552,2147479552,0,0.0,108240035840,78541545472,24152940544,76.5,1790730240,376587264
2023-12-13 13:16:32.356197,0.0,16698875904,14141190144,2251153408,15.3,75247616,1978011648,2147479552,2147479552,0,0.0,108240035840,78541565952,24152920064,76.5,1790730240,376722432
2023-12-13 13:17:32.416204,0.0,16698875904,14143307776,2248998912,15.3,75309056,1978040320,2147479552,2147479552,0,0.0,108240035840,78541590528,24152895488,76.5,1790730240,377275392
2023-12-13 13:18:32.477705,0.0,16698875904,14149357568,2242957312,15.3,75333632,1978056704,2147479552,2147479552,0,0.0,108240035840,78541606912,24152879104,76.5,1790730240,377373696
2023-12-13 13:19:32.536298,0.0,16698875904,14189535232,2202779648,15.0,75382784,1978077184,2147479552,2147479552,0,0.0,108240035840,78541627392,24152858624,76.5,1790730240,377594880
2023-12-13 13:20:32.596303,0.0,16698875904,14179311616,2213027840,15.1,75407360,1977950208,2147479552,2147479552,0,0.0,108240035840,78541500416,24152985600,76.5,1790730240,377754624
2023-12-13 13:21:32.657834,0.0,16698875904,14127759360,2264576000,15.4,75440128,1977987072,2147479552,2147479552,0,0.0,108240035840,78541537280,24152948736,76.5,1790730240,377918464
2023-12-13 13:22:32.719333,0.0,16698875904,14139867136,2252447744,15.3,75489280,1978007552,2147479552,2147479552,0,0.0,108240035840,78541557760,24152928256,76.5,1790730240,378180608
2023-12-13 13:23:32.780840,0.0,16698875904,14118502400,2273841152,15.5,75513856,1978028032,2147479552,2147479552,0,0.0,108240035840,78541578240,24152907776,76.5,1790730240,378278912
2023-12-13 13:24:32.840264,0.0,16698875904,14179098624,2213212160,15.1,75538432,1978064896,2147479552,2147479552,0,0.0,108240035840,78541611008,24152875008,76.5,1790730240,378414080
2023-12-13 13:25:32.902473,0.0,16698875904,14140694528,2251628544,15.3,75563008,1978081280,2147479552,2147479552,0,0.0,108240035840,78541627392,24152858624,76.5,1790730240,378524672
2023-12-13 13:26:32.920214,0.0,16698875904,14149378048,2242961408,15.3,75587584,1978101760,2147479552,2147479552,0,0.0,108240035840,78541647872,24152838144,76.5,1790730240,378622976
2023-12-13 13:27:32.981691,0.0,16698875904,14151000064,2241331200,15.3,75628544,1978134528,2147479552,2147479552,0,0.0,108240035840,78541680640,24152805376,76.5,1790730240,378868736
2023-12-13 13:28:32.992210,0.0,16698875904,14152126464,2240212992,15.3,75661312,1978171392,2147479552,2147479552,0,0.0,108240035840,78541709312,24152776704,76.5,1790730240,379053056
2023-12-13 13:29:33.053423,0.0,16698875904,14151143424,2241179648,15.3,75685888,1978200064,2147479552,2147479552,0,0.0,108240035840,78541742080,24152743936,76.5,1790730240,379188224
2023-12-13 13:30:33.112197,0.0,16698875904,14154526720,2237800448,15.2,75726848,1978224640,2147479552,2147479552,0,0.0,108240035840,78541762560,24152723456,76.5,1790730240,379585536
2023-12-13 13:31:33.172202,0.0,16698875904,14148796416,2243534848,15.3,75751424,1978257408,2147479552,2147479552,0,0.0,108240035840,78541795328,24152690688,76.5,1790730240,379708416
2023-12-13 13:32:33.232202,0.0,16698875904,14192730112,2199597056,15.0,75800576,1978277888,2147479552,2147479552,0,0.0,108240035840,78541811712,24152674304,76.5,1790730240,380228608
2023-12-13 13:33:33.292207,0.0,16698875904,14153592832,2238730240,15.2,75825152,1978286080,2147479552,2147479552,0,0.0,108240035840,78541819904,24152666112,76.5,1790730240,380412928
2023-12-13 13:34:33.353705,0.0,16698875904,14142418944,2249900032,15.3,75857920,1978318848,2147479552,2147479552,0,0.0,108240035840,78541852672,24152633344,76.5,1790730240,380560384
2023-12-13 13:35:33.412209,0.0,16698875904,14170443776,2221891584,15.1,75890688,1978339328,2147479552,2147479552,0,0.0,108240035840,78541873152,24152612864,76.5,1790730240,380716032
2023-12-13 13:36:33.473720,0.0,16698875904,14142828544,2249494528,15.3,75915264,1978359808,2147479552,2147479552,0,0.0,108240035840,78541893632,24152592384,76.5,1790730240,380802048
2023-12-13 13:37:33.532212,0.0,16698875904,14170574848,2221748224,15.1,75956224,1978417152,2147479552,2147479552,0,0.0,108240035840,78541930496,24152555520,76.5,1790730240,381039616
2023-12-13 13:38:33.592282,0.0,16698875904,14179950592,2212368384,15.1,75980800,1978437632,2147479552,2147479552,0,0.0,108240035840,78541950976,24152535040,76.5,1790730240,381215744
2023-12-13 13:39:33.653811,0.0,16698875904,14139117568,2253180928,15.3,76005376,1978482688,2147479552,2147479552,0,0.0,108240035840,78541971456,24152514560,76.5,1790754816,381314048
2023-12-13 13:40:33.712219,0.0,16698875904,14141116416,2251206656,15.3,76029952,1978523648,2147479552,2147479552,0,0.0,108240035840,78542008320,24152477696,76.5,1790754816,381457408
2023-12-13 13:41:33.773753,0.0,16698875904,14141075456,2251247616,15.3,76054528,1978544128,2147479552,2147479552,0,0.0,108240035840,78542028800,24152457216,76.5,1790754816,381576192
2023-12-13 13:42:33.835271,0.0,16698875904,14135582720,2256732160,15.4,76095488,1978564608,2147479552,2147479552,0,0.0,108240035840,78542049280,24152436736,76.5,1790754816,381756416
2023-12-13 13:43:33.896281,0.0,16698875904,14190551040,2201767936,15.0,76128256,1978589184,2147479552,2147479552,0,0.0,108240035840,78542073856,24152412160,76.5,1790754816,381907968
2023-12-13 13:44:33.958340,0.0,16698875904,14150676480,2241642496,15.3,76152832,1978630144,2147479552,2147479552,0,0.0,108240035840,78542106624,24152379392,76.5,1790754816,382047232
2023-12-13 13:45:33.992210,0.0,16698875904,14172975104,2219339776,15.1,76177408,1978654720,2147479552,2147479552,0,0.0,108240035840,78542127104,24152358912,76.5,1790754816,382161920
2023-12-13 13:46:34.052281,0.0,16698875904,14379229184,2013081600,13.9,76201984,1978675200,2147479552,2147479552,0,0.0,108240035840,78542147584,24152338432,76.5,1790754816,382260224
2023-12-13 13:47:34.112211,0.0,16698875904,14187859968,2204438528,15.0,76242944,1978822656,2147479552,2147479552,0,0.0,108240035840,78542180352,24152305664,76.5,1790754816,382477312
2023-12-13 13:48:34.173723,0.0,16698875904,14204047360,2188267520,14.9,76267520,1978839040,2147479552,2147479552,0,0.0,108240035840,78542196736,24152289280,76.5,1790754816,382612480
2023-12-13 13:49:34.232215,0.0,16698875904,14192431104,2199879680,15.0,76292096,1978859520,2147479552,2147479552,0,0.0,108240035840,78542217216,24152268800,76.5,1790754816,382710784
2023-12-13 13:50:34.292187,0.0,16698875904,14188511232,2203783168,15.0,76324864,1978900480,2147479552,2147479552,0,0.0,108240035840,78542249984,24152236032,76.5,1790754816,382919680
2023-12-13 13:51:34.352214,0.0,16698875904,14184034304,2208231424,15.1,76349440,1978929152,2147479552,2147479552,0,0.0,108240035840,78542278656,24152207360,76.5,1790754816,383038464
2023-12-13 13:52:34.412293,0.0,16698875904,14186598400,2205700096,15.0,76390400,1978953728,2147479552,2147479552,0,0.0,108240035840,78542299136,24152186880,76.5,1790754816,383235072
2023-12-13 13:53:34.474448,0.0,16698875904,14235381760,2156888064,14.8,76414976,1978978304,2147479552,2147479552,0,0.0,108240035840,78542319616,24152166400,76.5,1790754816,383362048
2023-12-13 13:54:34.532299,0.0,16698875904,14182547456,2209746944,15.1,76439552,1979006976,2147479552,2147479552,0,0.0,108240035840,78542348288,24152137728,76.5,1790754816,383493120
2023-12-13 13:55:34.592205,0.0,16698875904,14253727744,2138578944,14.6,76464128,1979027456,2147479552,2147479552,0,0.0,108240035840,78542368768,24152117248,76.5,1790754816,383607808
2023-12-13 13:56:34.652220,0.0,16698875904,14192156672,2200141824,15.0,76488704,1979052032,2147479552,2147479552,0,0.0,108240035840,78542389248,24152096768,76.5,1790754816,383706112
2023-12-13 13:57:34.712207,0.0,16698875904,14271918080,2120384512,14.5,76529664,1979088896,2147479552,2147479552,0,0.0,108240035840,78542422016,24152064000,76.5,1790754816,383927296
2023-12-13 13:58:34.744236,0.0,16698875904,14305644544,2086629376,14.3,76554240,1979109376,2147479552,2147479552,0,0.0,108240035840,78542442496,24152043520,76.5,1790754816,384078848
2023-12-13 13:59:34.804234,0.0,16698875904,14304284672,2088005632,14.3,76591104,1979138048,2147479552,2147479552,0,0.0,108240035840,78542462976,24152023040,76.5,1790767104,384459776
2023-12-13 14:00:34.840247,0.0,16698875904,14339063808,2053222400,14.1,76615680,1979170816,2147479552,2147479552,0,0.0,108240035840,78542495744,24151990272,76.5,1790767104,384594944
2023-12-13 14:01:34.900234,0.0,16698875904,14177644544,2214608896,15.1,76648448,1979207680,2147479552,2147479552,0,0.0,108240035840,78542516224,24151969792,76.5,1790767104,384771072
2023-12-13 14:02:34.961807,0.0,16698875904,14365093888,2027196416,14.0,76689408,1979219968,2147479552,2147479552,0,0.0,108240035840,78542520320,24151965696,76.5,1790767104,384996352
2023-12-13 14:03:35.020286,0.0,16698875904,14171594752,2220658688,15.1,76713984,1979240448,2147479552,2147479552,0,0.0,108240035840,78542540800,24151945216,76.5,1790767104,385123328
2023-12-13 14:04:35.064283,0.0,16698875904,14372540416,2019741696,13.9,76771328,1979260928,2147479552,2147479552,0,0.0,108240035840,78542561280,24151924736,76.5,1790767104,385553408
2023-12-13 14:05:35.124192,0.0,16698875904,14179667968,2212622336,15.1,76795904,1979281408,2147479552,2147479552,0,0.0,108240035840,78542581760,24151904256,76.5,1790767104,385639424
2023-12-13 14:06:35.185798,0.0,16698875904,14374866944,2017415168,13.9,76828672,1979305984,2147479552,2147479552,0,0.0,108240035840,78542606336,24151879680,76.5,1790767104,385766400
2023-12-13 14:07:35.244180,0.0,16698875904,14178512896,2213777408,15.1,76869632,1979330560,2147479552,2147479552,0,0.0,108240035840,78542626816,24151859200,76.5,1790767104,386003968
2023-12-13 14:08:35.263479,50.0,16698875904,14369566720,2022694912,13.9,76902400,1979346944,2147479552,2147479552,0,0.0,108240035840,78542647296,24151838720,76.5,1790767104,386114560
2023-12-13 14:09:35.324253,0.0,16698875904,14176600064,2215661568,15.1,76935168,1979371520,2147479552,2147479552,0,0.0,108240035840,78542663680,24151822336,76.5,1790767104,386249728
2023-12-13 14:10:35.384207,0.0,16698875904,14178897920,2213380096,15.1,76959744,1979506688,2147479552,2147479552,0,0.0,108240035840,78542684160,24151801856,76.5,1790767104,386356224
2023-12-13 14:11:35.445808,0.0,16698875904,14375981056,2016296960,13.9,76984320,1979527168,2147479552,2147479552,0,0.0,108240035840,78542704640,24151781376,76.5,1790767104,386454528
2023-12-13 14:12:35.507502,100.0,16698875904,14367617024,2024669184,14.0,77025280,1979551744,2147479552,2147479552,0,0.0,108240035840,78542725120,24151760896,76.5,1790767104,386642944
2023-12-13 14:13:35.569150,0.0,16698875904,14369562624,2022682624,13.9,77049856,1979584512,2147479552,2147479552,0,0.0,108240035840,78542757888,24151728128,76.5,1790767104,386843648
2023-12-13 14:14:35.630822,0.0,16698875904,14368968704,2023317504,14.0,77074432,1979604992,2147479552,2147479552,0,0.0,108240035840,78542778368,24151707648,76.5,1790767104,386970624
2023-12-13 14:15:35.692285,0.0,16698875904,14165389312,2226888704,15.2,77099008,1979625472,2147479552,2147479552,0,0.0,108240035840,78542798848,24151687168,76.5,1790767104,387068928
2023-12-13 14:16:35.752287,0.0,16698875904,14182363136,2209923072,15.1,77123584,1979641856,2147479552,2147479552,0,0.0,108240035840,78542815232,24151670784,76.5,1790767104,387163136
2023-12-13 14:17:35.813873,0.0,16698875904,14363123712,2029146112,14.0,77180928,1979727872,2147479552,2147479552,0,0.0,108240035840,78542835712,24151650304,76.5,1790767104,387699712
2023-12-13 14:18:35.875570,0.0,16698875904,14362447872,2029809664,14.0,77213696,1979752448,2147479552,2147479552,0,0.0,108240035840,78542856192,24151629824,76.5,1790767104,387929088
2023-12-13 14:19:35.937250,0.0,16698875904,14364024832,2028220416,14.0,77238272,1979772928,2147479552,2147479552,0,0.0,108240035840,78542876672,24151609344,76.5,1790767104,388027392
2023-12-13 14:20:35.982809,50.0,16698875904,14377091072,2015186944,13.9,77262848,1979793408,2147479552,2147479552,0,0.0,108240035840,78542897152,24151588864,76.5,1790767104,388146176
2023-12-13 14:21:36.044524,0.0,16698875904,14374768640,2017460224,13.9,77287424,1979867136,2147479552,2147479552,0,0.0,108240035840,78542917632,24151568384,76.5,1790767104,388244480
2023-12-13 14:22:36.104285,0.0,16698875904,14370648064,2021634048,13.9,77336576,1979891712,2147479552,2147479552,0,0.0,108240035840,78542938112,24151547904,76.5,1790767104,388494336
2023-12-13 14:23:36.164283,0.0,16698875904,14367870976,2024402944,14.0,77361152,1979908096,2147479552,2147479552,0,0.0,108240035840,78542954496,24151531520,76.5,1790767104,388596736
2023-12-13 14:24:36.224272,0.0,16698875904,14104539136,2287730688,15.5,77385728,1979932672,2147479552,2147479552,0,0.0,108240035840,78542974976,24151511040,76.5,1790767104,388695040
2023-12-13 14:25:36.244303,0.0,16698875904,14361628672,2030641152,14.0,77410304,1979953152,2147479552,2147479552,0,0.0,108240035840,78542995456,24151490560,76.5,1790767104,388830208
2023-12-13 14:26:36.304293,0.0,16698875904,14170869760,2221404160,15.1,77434880,1979973632,2147479552,2147479552,0,0.0,108240035840,78543015936,24151470080,76.5,1790767104,388944896
2023-12-13 14:27:36.366504,0.0,16698875904,14362095616,2030157824,14.0,77475840,1979994112,2147479552,2147479552,0,0.0,108240035840,78543036416,24151449600,76.5,1790767104,389149696
2023-12-13 14:28:36.428227,0.0,16698875904,14350393344,2041868288,14.1,77508608,1980022784,2147479552,2147479552,0,0.0,108240035840,78543060992,24151425024,76.5,1790767104,389305344
2023-12-13 14:29:36.488284,0.0,16698875904,14350766080,2041511936,14.1,77533184,1980043264,2147479552,2147479552,0,0.0,108240035840,78543081472,24151404544,76.5,1790767104,389403648
2023-12-13 14:30:36.549944,0.0,16698875904,14344519680,2047754240,14.1,77574144,1980063744,2147479552,2147479552,0,0.0,108240035840,78543097856,24151388160,76.5,1790767104,389805056
2023-12-13 14:31:36.611589,0.0,16698875904,14344912896,2047336448,14.1,77598720,1980084224,2147479552,2147479552,0,0.0,108240035840,78543118336,24151367680,76.5,1790767104,389907456
2023-12-13 14:32:36.673172,0.0,16698875904,14342168576,2050080768,14.1,77639680,1980108800,2147479552,2147479552,0,0.0,108240035840,78543138816,24151347200,76.5,1790767104,390108160
2023-12-13 14:33:36.732226,0.0,16698875904,14114672640,2277597184,15.5,77664256,1979871232,2147479552,2147479552,0,0.0,108240035840,78543126528,24151359488,76.5,1790767104,390317056
2023-12-13 14:34:36.793841,0.0,16698875904,14353354752,2038915072,14.0,77688832,1979891712,2147479552,2147479552,0,0.0,108240035840,78543147008,24151339008,76.5,1790767104,390734848
2023-12-13 14:35:36.824288,0.0,16698875904,14342295552,2049970176,14.1,77729792,1979899904,2147479552,2147479552,0,0.0,108240035840,78543155200,24151330816,76.5,1790767104,390919168
2023-12-13 14:36:36.885982,0.0,16698875904,14354542592,2037702656,14.0,77754368,1979924480,2147479552,2147479552,0,0.0,108240035840,78543175680,24151310336,76.5,1790767104,391054336
2023-12-13 14:37:36.944192,0.0,16698875904,14153371648,2238869504,15.2,77799424,1979953152,2147479552,2147479552,0,0.0,108240035840,78543200256,24151285760,76.5,1790767104,391275520
2023-12-13 14:38:36.992308,0.0,16698875904,14337601536,2054668288,14.1,77824000,1979969536,2147479552,2147479552,0,0.0,108240035840,78543216640,24151269376,76.5,1790767104,391414784
2023-12-13 14:39:37.054032,0.0,16698875904,14342410240,2049826816,14.1,77848576,1979990016,2147479552,2147479552,0,0.0,108240035840,78543237120,24151248896,76.5,1790767104,391513088
2023-12-13 14:40:37.115729,0.0,16698875904,14351663104,2040541184,14.1,77873152,1980014592,2147479552,2147479552,0,0.0,108240035840,78543257600,24151228416,76.5,1790767104,391631872
2023-12-13 14:41:37.177404,0.0,16698875904,14352596992,2039640064,14.1,77897728,1980035072,2147479552,2147479552,0,0.0,108240035840,78543278080,24151207936,76.5,1790767104,391730176
2023-12-13 14:42:37.239088,0.0,16698875904,14341599232,2050650112,14.1,77946880,1979928576,2147479552,2147479552,0,0.0,108240035840,78543175680,24151310336,76.5,1790767104,391996416
2023-12-13 14:43:37.300786,0.0,16698875904,14336176128,2056073216,14.1,77971456,1979961344,2147479552,2147479552,0,0.0,108240035840,78543208448,24151277568,76.5,1790767104,392188928
2023-12-13 14:44:37.362464,0.0,16698875904,14335909888,2056343552,14.2,77996032,1979981824,2147479552,2147479552,0,0.0,108240035840,78543228928,24151257088,76.5,1790767104,392303616
2023-12-13 14:45:37.424192,0.0,16698875904,14340734976,2051502080,14.1,78020608,1979998208,2147479552,2147479552,0,0.0,108240035840,78543245312,24151240704,76.5,1790767104,392397824
2023-12-13 14:46:37.484264,0.0,16698875904,14170603520,2221625344,15.1,78045184,1980030976,2147479552,2147479552,0,0.0,108240035840,78543278080,24151207936,76.5,1790767104,392532992
2023-12-13 14:47:37.546444,0.0,16698875904,14343503872,2048757760,14.1,78086144,1980051456,2147479552,2147479552,0,0.0,108240035840,78543298560,24151187456,76.5,1790767104,392733696
2023-12-13 14:48:37.608176,0.0,16698875904,14331084800,2061180928,14.2,78110720,1980071936,2147479552,2147479552,0,0.0,108240035840,78543319040,24151166976,76.5,1790767104,392868864
2023-12-13 14:49:37.669839,0.0,16698875904,14328594432,2063663104,14.2,78139392,1980100608,2147479552,2147479552,0,0.0,108240035840,78543351808,24151134208,76.5,1790767104,393032704
2023-12-13 14:50:37.728203,0.0,16698875904,14149160960,2243096576,15.3,78172160,1980141568,2147479552,2147479552,0,0.0,108240035840,78543388672,24151097344,76.5,1790767104,393212928
2023-12-13 14:51:37.732796,0.0,16698875904,14327992320,2064236544,14.2,78196736,1980162048,2147479552,2147479552,0,0.0,108240035840,78543409152,24151076864,76.5,1790767104,393348096
2023-12-13 14:52:37.752353,0.0,16698875904,14325829632,2066423808,14.2,78237696,1980186624,2147479552,2147479552,0,0.0,108240035840,78543425536,24151060480,76.5,1790767104,393552896
2023-12-13 14:53:37.812282,0.0,16698875904,14142046208,2250211328,15.3,78262272,1980219392,2147479552,2147479552,0,0.0,108240035840,78543458304,24151027712,76.5,1790767104,393688064
2023-12-13 14:54:37.874116,0.0,16698875904,14339670016,2052583424,14.1,78286848,1980239872,2147479552,2147479552,0,0.0,108240035840,78543478784,24151007232,76.5,1790767104,393802752
2023-12-13 14:55:37.932300,0.0,16698875904,14332747776,2059481088,14.2,78311424,1980260352,2147479552,2147479552,0,0.0,108240035840,78543499264,24150986752,76.5,1790767104,393901056
2023-12-13 14:56:37.944325,0.0,16698875904,14321389568,2070818816,14.2,78336000,1980297216,2147479552,2147479552,0,0.0,108240035840,78543532032,24150953984,76.5,1790767104,394036224
